{"max": [1.24558, 0.828066, 0.585257], "centroid": [-0.007967915066060247, 0.42876482957576206, 0.11949684757575836], "id": "bf8e5bbe0e0938d98afd316e82119b42", "numVertices": 3300, "min": [-1.26112, 0.0, -0.440408]}
