{"max": [34.4455, 4.1968, 9.68564], "centroid": [27.978681816543, 2.3112768545485975, 1.5999770273676146], "id": "4e3e46fa987d0892a185a70f269c2a41", "numVertices": 105453, "min": [21.6514, 1.19209e-06, 0.451702]}
