{"max": [0.0379706, 0.104764, -0.636211], "centroid": [-0.0013816497192174915, 0.055766119907940184, -0.7189463486766416], "id": "3d1754b7cb46c0ce5c8081810641ef6", "numVertices": 869, "min": [-0.0387294, 0.00476407, -0.743675]}
