{"max": [0.00406741, 1.45376, 1.49206], "centroid": [-0.7237855218491068, 0.5504209783094729, 0.3994923665176384], "id": "e83cec9fb3e0d81d82c5b9bdae127001", "numVertices": 2863, "min": [-1.5051, -0.0022, -0.0002]}
