{"max": [0.113468, 0.4064, 0.110169], "centroid": [8.859311796347104e-19, 0.2523248786017931, -0.003324232339431675], "id": "23e0d277a58fba0abced73c51e99f8b2", "numVertices": 2569, "min": [-0.113468, 0.0, -0.116766]}
