{"max": [0.251426, 1.43355, -0.0432572], "centroid": [0.10550526685467056, 0.989794501211073, -0.8211544221799358], "id": "5aac06335039030132f8337ee2b84248", "numVertices": 2890, "min": [-0.0415503, 0.0410105, -2.25875]}
