{"max": [-33.6649, 0.384189, -5.81799], "centroid": [-34.572325286989646, 0.1815560140178572, -6.52698049744902], "id": "4de5861211ad5b95e7ef9fff09638f8e", "numVertices": 3136, "min": [-35.4709, -0.0631808, -6.98755]}
