{"max": [0.85407, 0.558015, 0.156179], "centroid": [0.0001832679406754179, 0.3279612228363088, -0.25683902948185705], "id": "bc98f11895cecfeb3321831d2245cf06", "numVertices": 4740, "min": [-0.854068, -0.000843255, -0.650192]}
