{"max": [20.433, 12.3924, 20.6039], "centroid": [14.290243711875396, 7.791192085425062, 3.38379666385465], "id": "7d286b812a03c60e310bbd45bf9024da", "numVertices": 1541, "min": [6.69769, 0.0, -15.7265]}
