{"max": [-28.8761, 13.5812, 0.260343], "centroid": [-33.01195213204956, 6.8934849374140335, -4.841823253094907], "id": "356fc758685e9054347185e772ead5bd", "numVertices": 1454, "min": [-37.5297, -0.167553, -9.33021]}
