{"max": [0.862896, 4.38048, 0.831089], "centroid": [-0.24425617850953568, 0.2563643696195258, -0.021525784738968576], "id": "2d1aa4e124c0dd5bf937e5c6aa3f9597", "numVertices": 160357, "min": [-0.636451, -0.073262, -0.730547]}
