{"max": [2.36885, 13.0297, 6.88357], "centroid": [0.5551522068162329, 7.869912384430941, -14.024520109661994], "id": "5a2232cb9dd25917768d4c3a89626da8", "numVertices": 10007, "min": [-1.24362, 0.838877, -39.2193]}
