{"max": [-57.5854, 3.49157, -15.1657], "centroid": [-60.10730345887776, 1.1533208873943153, -19.39104773251344], "id": "c5b7d166231c04328413778731d6cd28", "numVertices": 1301, "min": [-62.9104, 0.0, -22.5289]}
