{"max": [0.130826, 0.0964991, 0.15015], "centroid": [0.08958730863414621, 0.03056538302073157, 0.08598394187804861], "id": "3d3e993f7baa4d7ef1ff24a8b1564a36", "numVertices": 4100, "min": [0.0468263, 0.0, 0.0285661]}
