{"max": [0.479415, 1.07315, 1.43274], "centroid": [-0.2628468336477468, 0.6423608005008511, 0.8987748196994971], "id": "c327cc501312d1bab9492d4f3d8bee7c", "numVertices": 2396, "min": [-0.974735, -0.003175, 0.488343]}
