{"max": [0.192854, 0.783462, 0.136728], "centroid": [-0.009880036392309086, 0.35858064054234223, -0.11682679217674069], "id": "95d082c78ea0b1befe52ffd0e748a1ab", "numVertices": 8891, "min": [-0.212763, 0.0, -0.647898]}
