{"max": [28.634, 18.4165, 73.9282], "centroid": [-1.8308312401866138, 3.3045851390667274, 38.41447450008139], "id": "4e66465abe540ee326ccedfb0470de8f", "numVertices": 12302, "min": [-32.2661, 0.0, 10.2626]}
