{"max": [-23.5557, 19.5573, 84.7341], "centroid": [-57.60305975807104, 2.9881310505071306, 40.404986004138365], "id": "4e1dfdfdd417479f49e1f7e01fe2ed1", "numVertices": 107634, "min": [-91.6498, 0.0, 8.00887]}
