{"max": [2.29822, 34.2128, 12.9453], "centroid": [-8.144190947046843, 13.401387354378894, 7.953519994399212], "id": "545225eda0e900f6d4a7a4c7d6e9bdc3", "numVertices": 3928, "min": [-9.84468, -0.44, 0.802378]}
