{"max": [3.79403, 6.72465, 3.79403], "centroid": [0.04507221709401712, 3.437879076923076, -0.6268720683760683], "id": "4b7888feea81219ab5f4a9188bfa0ef6", "numVertices": 117, "min": [-3.79403, 0.0, -6.58778]}
