{"max": [0.18751, 0.80794, 0.155634], "centroid": [-0.0027806731377147485, 0.41419848229614153, -0.08472025742751056], "id": "4438e29f9d3cf45bfe52ffd0e748a1ab", "numVertices": 10458, "min": [-0.193172, -0.000999312, -0.631016]}
