{"max": [1.73932, 0.649011, -4.42378e-09], "centroid": [0.7351658430262024, 0.41097917338969253, -0.5176623627385327], "id": "f5dfd2eac1ede18c35403ea5eb244169", "numVertices": 5915, "min": [0.0, 0.0, -0.97235]}
