{"max": [0.897174, 0.626012, 0.461862], "centroid": [-0.00691233472890925, 0.32285964243725934, 0.1181780438346044], "id": "b46801f946f4dd403af30a3946d92feb", "numVertices": 4144, "min": [-0.902827, 0.00101203, -0.339124]}
