{"max": [-0.00159572, 11.7774, 20.4784], "centroid": [-1.3632641266099856, 5.999157952785864, -2.721843238131753], "id": "5a148f5250c5d987918977c639d98325", "numVertices": 7879, "min": [-2.52263, -9.6, -22.09]}
