{"max": [4.67489, 6.62305, 7.08834], "centroid": [-0.7045060483306821, 2.6669319540540544, 0.493448704133546], "id": "1ea9ea99ac8ed233bf355ac8109b9988", "numVertices": 1887, "min": [-6.1181, -0.289578, -7.08005]}
