{"max": [0.293218, 0.790604, 0.529283], "centroid": [0.00016091877090300467, 0.4947849983361211, 0.2641448494297653], "id": "341fcdd8a40a2612456cbf78e1e89022", "numVertices": 2392, "min": [-0.293218, 0.0, 0.0]}
