{"max": [184.941, 47.7711, 7.54307], "centroid": [165.45881026481027, 37.13877027027039, -20.146895834015794], "id": "4de653411d132abdf1e2558bb9cfc329", "numVertices": 3663, "min": [146.406, 34.0314, -49.811]}
