{"max": [5.28676, 4.23388, -0.225807], "centroid": [3.0347560887445826, 2.744287337662312, -2.4778075422077928], "id": "31c50baef63a3cd0b64920759fcc80ba", "numVertices": 1848, "min": [0.782756, 0.0, -4.72981]}
