{"max": [1.65614, 3.14, -0.195642], "centroid": [0.5491503061224491, 2.258775510204078, -1.3030041428571428], "id": "542223f09a872e973858be97087c26ec", "numVertices": 98, "min": [-0.620699, 0.0, -2.47248]}
