{"max": [0.00328701, 1.05419, 0.78291], "centroid": [-0.6452757929066151, 0.5746013766277198, -0.26943990556260283], "id": "c7ab660e1fde9bb48ce2930380f4c6e7", "numVertices": 2995, "min": [-1.22141, 0.140008, -0.689376]}
