{"max": [12.1575, 3.32873, 1.05202], "centroid": [11.060572424849722, 1.354303507014032, -0.04607435888777556], "id": "31b0a01063a976104725f67267e31c89", "numVertices": 1996, "min": [9.96013, -0.167125, -1.14531]}
