{"max": [0.371953, 0.730993, 0.428323], "centroid": [0.1072375207646672, 0.2923403876071191, 0.14121313711272246], "id": "ae9e1ff1ae0b0a8f6ee473575a9f31bd", "numVertices": 1517, "min": [-0.162469, 0.003595, -0.32954]}
