{"max": [0.680949, 1.5251, 1.39914], "centroid": [0.0195926576501789, 0.7444727481211194, 0.8138792512054748], "id": "30b7bc199de66fc57eaeab1f0c9120b7", "numVertices": 6429, "min": [-0.530229, 4.85219e-07, 0.169516]}
