{"max": [0.258131, 0.786127, -0.00635], "centroid": [0.004889256477285195, 0.3908966502476966, -0.3200203306613232], "id": "497833f2073ba6ff70d45c28bef72613", "numVertices": 1996, "min": [-0.258131, 0.0, -0.765193]}
