{"max": [0.222598, 0.754601, 0.0263201], "centroid": [0.007017159556155357, 0.42883624373483864, -0.20422454376503052], "id": "d5e9eb9dbf9d30073321831d2245cf06", "numVertices": 10360, "min": [-0.230047, -0.00143307, -0.719278]}
