{"max": [-0.10073, 0.112454, 0.125198], "centroid": [-0.1623100655848555, 0.05877417297024929, 0.03499899821568631], "id": "d1fe87277b6002405aa0446e42ad65", "numVertices": 2958, "min": [-0.227702, 0.0, -0.0561202]}
