{"max": [0.0, 17.6054, 61.8949], "centroid": [-32.06191684796842, 4.5054109518646, 27.00822531768402], "id": "4e2769ec84c0bd0454eefcdc602d4520", "numVertices": 17081, "min": [-64.1253, 0.0, 0.0]}
