{"max": [8.21079, 7.94941, 8.81051], "centroid": [4.93007248407644, 4.833095149681532, 5.4516825955414046], "id": "18b41cb029cf7f6c2b151d8b52c53b90", "numVertices": 628, "min": [1.66027, 0.424406, 2.24548]}
