{"max": [-0.727469, 2.72731, 4.3551], "centroid": [-2.4436192501788074, 0.903947189876238, 1.0106320714167585], "id": "c86b1da5558ff70a9949833630526071", "numVertices": 18175, "min": [-4.21545, 0.0, 0.560851]}
