{"max": [0.079641, 0.302894, 0.065], "centroid": [0.03461323013338313, 0.16665131392072355, 0.019881020852902435], "id": "532376fe56d3597ac65f62bae01f4803", "numVertices": 5323, "min": [-0.010359, 0.0, -0.026]}
