{"max": [0.0321461, 0.10395, 0.0197143], "centroid": [-0.019314964303797415, 0.05328714455696211, -0.061519932612658264], "id": "1eaf8db2dd2b710c7d5b1b70ae595e60", "numVertices": 158, "min": [-0.0718034, 0.0, -0.137259]}
