{"max": [1.05098, 0.832004, -0.388729], "centroid": [0.8058597474385212, 0.48551235455172354, -0.6616231114241861], "id": "341a2d3df9800314fa260f4362cac599", "numVertices": 7808, "min": [0.562737, -0.000932, -0.950927]}
