{"max": [16.1708, 4.25197, -0.336457], "centroid": [8.433521380462395, 1.7656784978855342, -8.22983776571752], "id": "4dfe2199fdd333d09837a3d08a6a1966", "numVertices": 7094, "min": [0.53443, 0.372458, -13.7913]}
