{"max": [0.066, 1.04664, 0.284942], "centroid": [-0.2639999999999999, 0.26109573529411767, -0.25384483823529397], "id": "362f53ee8de161fac653c0205ce8ff57", "numVertices": 136, "min": [-0.594, -1.12799e-17, -0.627]}
