{"max": [0.0, 0.627054, 0.717713], "centroid": [-0.4011924255483573, 0.41184545446009146, 0.15022468309859136], "id": "b6272c4596bb32dd732e279d31bf9790", "numVertices": 1065, "min": [-0.805592, 0.0, 0.0]}
