{"max": [0.0796961, 0.222332, 0.0796961], "centroid": [0.0019151274874371854, 0.10571231048097621, -0.016310598420674807], "id": "4d9764afa3fbeb1b6c69dceb67157a66", "numVertices": 1393, "min": [-0.0796961, -0.008, -0.124566]}
