{"max": [1.28823, 3.45923, 1.28823], "centroid": [-7.392416381286786e-18, 2.049755714705896, -8.979745052115237e-18], "id": "19fb5ee10bc867a492ffc535cab01f7a", "numVertices": 2448, "min": [-1.28823, 0.0, -1.28823]}
