{"max": [1.5, 0.455, 0.0], "centroid": [0.6529400272636722, 0.2948784795102052, -0.3500244768065308], "id": "bdf94fe1bef0281b362845c6edb57fc", "numVertices": 1225, "min": [0.0, 0.0, -0.7]}
