{"max": [0.0, 13.1348, 0.0], "centroid": [-4.162974403740156, 5.182719870330704, -4.210074689829397], "id": "341c9b0583d31770492d9da2668ec34c", "numVertices": 1524, "min": [-8.37072, 0.0, -8.36935]}
