{"max": [-1.86306, 0.129658, 2.47335], "centroid": [-1.9045430218242863, 0.030838095767767356, 2.048256731952999], "id": "5b6bf22e5c355592882cef3540bf556", "numVertices": 1787, "min": [-1.94932, -0.192014, 1.73993]}
