{"max": [0.239575, 0.791854, 0.036632], "centroid": [0.011836265823647107, 0.38121913378191224, -0.2548737736380158], "id": "56e194146b9e584b3321831d2245cf06", "numVertices": 9742, "min": [-0.239776, -0.0004794, -0.723985]}
