{"max": [0.809245, 1.93106, 0.570583], "centroid": [0.16976502626016837, 1.1043201790708566, -0.0806090821183602], "id": "b69401b412d9300454d7082b34825ef0", "numVertices": 8719, "min": [-0.460192, -6.6802e-06, -1.35739]}
