{"max": [0.004583, 12.58, 31.45], "centroid": [-17.026702447186867, 4.023709858642582, 12.65662347748392], "id": "4e4ae13865bf47f41adbb4c4e06ad649", "numVertices": 10859, "min": [-34.0954, -0.004605, 0.004752]}
