{"max": [0.44599, 1.27199, 0.490217], "centroid": [0.22974409647058835, 0.7191216887764723, 0.2563573109058824], "id": "357e2dd1512b96168e2b488ea5fa466a", "numVertices": 170, "min": [0.0, -6.9977e-05, -0.000603225]}
