{"max": [25.8898, 56.25, 29.1925], "centroid": [-1.6036568019075474, -27.86210022045037, -158.64336619458953], "id": "7bde81ebddddd161cba7035647fbacdf", "numVertices": 58317, "min": [-33.4484, -204.383, -434.256]}
