{"max": [0.0301625, 0.181611, 0.0301625], "centroid": [2.3074491845811966e-05, 0.0975302338787249, 1.2866695033357175e-05], "id": "1cf98e5b6fff5471c8724d5673a063a6", "numVertices": 2698, "min": [-0.0301625, 0.0, -0.0301625]}
