{"max": [0.820356, 0.492478, 0.635144], "centroid": [-0.20962512894784965, 0.29251022474946253, 0.21997699723172062], "id": "babd4a4655d271b8ccd0340812259a39", "numVertices": 1860, "min": [-1.10456, -0.011152, -0.531]}
