{"max": [0.4699, 1.13665, 0.890577], "centroid": [7.517135062566164e-18, 0.3608183937499994, 0.426519697916667], "id": "353bbd3b916426d24502f857a1cf320e", "numVertices": 192, "min": [-0.4699, 0.0, 0.0]}
