{"max": [2.79397e-09, 0.240799, 0.0], "centroid": [-0.037549490045757444, 0.15140824568613312, -0.4490386971142555], "id": "5a86afb38048ecc6b2c8bb96250e4a0", "numVertices": 12680, "min": [-0.0836642, 0.0, -0.831056]}
