{"max": [1.4173, 4.87029, 1.4173], "centroid": [1.6747103283512846e-17, 2.718294525334929, 8.783954571928156e-05], "id": "12ec19e85b31e274725f67267e31c89", "numVertices": 3434, "min": [-1.4173, 0.0, -1.4173]}
