{"max": [0.0070169, 0.2667, -0.0467032], "centroid": [-0.13417356980716258, 0.21607162031221497, -0.366180233884298], "id": "3a7439cfaa9af51faf1af397e14a566d", "numVertices": 1089, "min": [-0.287629, -0.0127, -0.421215]}
