{"max": [0.238884, 0.729977, 0.399174], "centroid": [0.005543564469696679, 0.3862283417925433, 0.09104116707327652], "id": "7b5b032a2cddeebc54d7082b34825ef0", "numVertices": 10781, "min": [-0.2389, -0.000874929, -0.335835]}
