{"max": [30.9413, 53.4945, 50.2051], "centroid": [3.9836691726237725, 5.302720419478156, -5.626869406524797], "id": "c8cf8b011d5a3dab2203dc8a6e206818", "numVertices": 26943, "min": [-32.5984, -24.0553, -38.302]}
