{"max": [0.85407, 0.470555, 0.15032], "centroid": [-0.014095999089999554, 0.31951326182239403, -0.23676695934313102], "id": "bab85a8a0338b58e3321831d2245cf06", "numVertices": 4100, "min": [-0.854068, -0.00212093, -0.656051]}
