{"max": [0.19168, 0.911999, 0.19168], "centroid": [2.86520107570033e-09, 0.5512440096774265, 2.865201074139312e-09], "id": "24f615dd07dab76cc6040c0e6de6a84d", "numVertices": 1488, "min": [-0.19168, 0.0, -0.19168]}
