{"max": [0.0597878, 0.52927, 1.32238], "centroid": [0.0013876121429992273, 0.3711942944789853, 0.6163312402511798], "id": "7a1e38f9d85548e256c58b78d29fd8a9", "numVertices": 8042, "min": [-0.0571534, 0.0330801, 0.0249786]}
