{"max": [0.0876, 0.2057, 0.0876], "centroid": [-0.0023689083696857662, 0.09698788262476908, -0.0702179578558225], "id": "1f035aa5fc6da0983ecac81e09b15ea9", "numVertices": 541, "min": [-0.0876, 0.0, -0.155448]}
