{"max": [0.0, 9.69809, 0.0], "centroid": [-3.999317960851063, 5.754919307092194, -2.768074304425533], "id": "360b02dcfeabe768492d9da2668ec34c", "numVertices": 705, "min": [-7.80581, 0.0, -7.41015]}
