{"max": [0.041275, 0.295276, 0.041275], "centroid": [-3.302990630968384e-11, 0.11858353680104057, -1.0399317586805047e-18], "id": "437678d4bc6be981c8724d5673a063a6", "numVertices": 769, "min": [-0.041275, 0.0, -0.041275]}
