{"max": [0.123825, 0.180975, 0.1524], "centroid": [0.04762501832666666, 0.09817099839999939, 0.07620001726666673], "id": "9fe7e6a7bf8ca964efad53eb3f0b36fa", "numVertices": 600, "min": [-0.028575, 0.003175, 0.0]}
