{"max": [29.3398, 8.54038, 38.8815], "centroid": [15.253231875348442, 2.5714710911609338, 17.33768154120058], "id": "4d0898c7cac1199a4b0853084d4042f7", "numVertices": 51953, "min": [1.13445, 0.0, 2.93704]}
