{"max": [4.61, 2.06, 5.1043], "centroid": [2.720241594142261, 1.1971181723849385, 0.5778227539748911], "id": "b4c3484639d15d24d6cfdd2c4c6de262", "numVertices": 1195, "min": [0.76, 0.0, 0.01015]}
