{"max": [0.724162, 0.39845, 0.646712], "centroid": [-0.3434362745633655, 0.11938398236257988, 0.2646490353386473], "id": "b671a193d0397ad554d7082b34825ef0", "numVertices": 8080, "min": [-0.804016, -0.067527, -0.118536]}
