{"max": [-46172.0, 6752.24, -40348.8], "centroid": [-46719.77767372597, 5710.8074538544915, -47073.695955482406], "id": "5a79d10c5665b9dc895b56cd0d702185", "numVertices": 7368, "min": [-47267.5, 2291.44, -52409.3]}
