{"max": [0.360846, 1.02415, 0.31264], "centroid": [0.003976589093913528, 0.4518634819608919, 0.031068549710823568], "id": "341e18eafb46f892a6fee8e2140acec9", "numVertices": 3631, "min": [-0.360846, 0.0, -0.37373]}
