{"max": [1.4, 0.455, 0.0], "centroid": [0.6074706215493872, 0.29487847951020496, -0.3500244768065308], "id": "bdac92a52bc53cb4b362845c6edb57fc", "numVertices": 1225, "min": [0.0, 0.0, -0.7]}
