{"max": [0.22854, 0.307771, 0.106066], "centroid": [0.13194808589743592, 0.1531682307692307, 0.00947330905128205], "id": "2db802ef3de3d00618a36258eabc2b9c", "numVertices": 78, "min": [0.0353553, 0.0, -0.0871191]}
