{"max": [-1.90735e-06, 13.1603, 70.059], "centroid": [-29.33689403374198, 3.1907687929667206, 32.36577067834785], "id": "4e67529b0ca7bd4fb3f2b01de37c0b29", "numVertices": 23786, "min": [-58.7125, 0.0, 0.0]}
