{"max": [0.502633, 0.146183, 0.065533], "centroid": [-0.27587548770451353, -0.05860489687031044, -0.3632346252641043], "id": "b08727e640554b493321831d2245cf06", "numVertices": 2836, "min": [-1.02141, -0.371352, -0.747295]}
