{"max": [-0.975827, 1.148, 2.06401], "centroid": [-1.7247663032133336, 0.5363646516791313, 1.5897558721913527], "id": "b549a0c108ff0272e4b68d3b17c43658", "numVertices": 8278, "min": [-2.48604, 0.0, 1.36451]}
