{"max": [0.234686, 0.716275, 0.133934], "centroid": [0.013275524987242389, 0.32755361525404625, -0.10336219244199882], "id": "2d204f50f33b3994fe52ffd0e748a1ab", "numVertices": 10158, "min": [-0.234323, 0.0, -0.554056]}
