{"max": [0.125901, 0.53107, 0.125901], "centroid": [1.9414992403651017e-18, 0.3767541107142858, 5.967956059607587e-10], "id": "23f305e2ca3a3007ee106795de609335", "numVertices": 728, "min": [-0.125901, 0.0, -0.125901]}
