{"max": [-0.0225108, 0.853281, 0.818126], "centroid": [-0.230817506693989, 0.38735101092896257, 0.5025225923497282], "id": "ce10e4e0d04c33e7322ed2ef5fc90e25", "numVertices": 732, "min": [-0.5215, 0.0, 0.0]}
