{"max": [9.65406, 51.2812, 85.568], "centroid": [4.045343001970894, 34.5814500128537, 9.106888784814625], "id": "7dbf5ff231497ee511f7dcbb4a32aee5", "numVertices": 11669, "min": [-5.37282, 6.15329, -76.4827]}
