{"max": [-0.691183, 0.85, -0.77107], "centroid": [-0.9511815000000007, 0.4302437652582148, -1.1201592206572766], "id": "341e24df542e0676d42b9650f19dd425", "numVertices": 426, "min": [-1.21118, 0.0, -1.40338]}
