{"max": [-0.0215553, 0.206375, -0.294859], "centroid": [-0.13975087257142876, 0.11805564799999993, -0.4827501600000003], "id": "3c0467f96e26b8c6a93445a1757adf6", "numVertices": 175, "min": [-0.284941, 0.0, -0.6465]}
