{"max": [0.0318656, 0.23495, 0.0318656], "centroid": [1.5483510714286617e-05, 0.18497610952380972, 0.0004943413066666689], "id": "2bbd2b37776088354e23e9314af9ae57", "numVertices": 420, "min": [-0.0318656, 0.0, -0.0318656]}
